<?xml version="1.0"?>
<doc>
    <assembly>
        <name>dtui</name>
    </assembly>
    <members>
        <member name="M:Microsoft.DataTransfer.WpfHost.Shell.Navigation.NavigationActionsControl.InitializeComponent">
            <summary>
            InitializeComponent
            </summary>
        </member>
        <member name="M:Microsoft.DataTransfer.WpfHost.Shell.Navigation.NavigationStepsListControl.InitializeComponent">
            <summary>
            InitializeComponent
            </summary>
        </member>
        <member name="M:Microsoft.DataTransfer.WpfHost.Shell.MainWindow.InitializeComponent">
            <summary>
            InitializeComponent
            </summary>
        </member>
        <member name="T:Microsoft.DataTransfer.WpfHost.Steps.Import.ExportErrorsResources">
            <summary>
              A strongly-typed resource class, for looking up localized strings, etc.
            </summary>
        </member>
        <member name="P:Microsoft.DataTransfer.WpfHost.Steps.Import.ExportErrorsResources.ResourceManager">
            <summary>
              Returns the cached ResourceManager instance used by this class.
            </summary>
        </member>
        <member name="P:Microsoft.DataTransfer.WpfHost.Steps.Import.ExportErrorsResources.Culture">
            <summary>
              Overrides the current thread's CurrentUICulture property for all
              resource lookups using this strongly typed resource class.
            </summary>
        </member>
        <member name="P:Microsoft.DataTransfer.WpfHost.Steps.Import.ExportErrorsResources.CsvFileHeader">
            <summary>
              Looks up a localized string similar to &quot;Record&quot;,&quot;Error&quot;.
            </summary>
        </member>
        <member name="P:Microsoft.DataTransfer.WpfHost.Steps.Import.ExportErrorsResources.DefaultFileExtension">
            <summary>
              Looks up a localized string similar to *.csv.
            </summary>
        </member>
        <member name="P:Microsoft.DataTransfer.WpfHost.Steps.Import.ExportErrorsResources.FileFilter">
            <summary>
              Looks up a localized string similar to CSV File|*.csv.
            </summary>
        </member>
        <member name="M:Microsoft.DataTransfer.WpfHost.Steps.Import.ImportPage.InitializeComponent">
            <summary>
            InitializeComponent
            </summary>
        </member>
        <member name="M:Microsoft.DataTransfer.WpfHost.Steps.InfrastructureSetup.InfrastructureSetupPage.InitializeComponent">
            <summary>
            InitializeComponent
            </summary>
        </member>
        <member name="M:Microsoft.DataTransfer.WpfHost.Steps.SinkSetup.SinkSetupPage.InitializeComponent">
            <summary>
            InitializeComponent
            </summary>
        </member>
        <member name="M:Microsoft.DataTransfer.WpfHost.Steps.SourceSetup.SourceSetupPage.InitializeComponent">
            <summary>
            InitializeComponent
            </summary>
        </member>
        <member name="M:Microsoft.DataTransfer.WpfHost.Steps.Summary.CommandLinePreviewWindow.InitializeComponent">
            <summary>
            InitializeComponent
            </summary>
        </member>
        <member name="M:Microsoft.DataTransfer.WpfHost.Steps.Summary.InfrastructureSetupSummaryControl.InitializeComponent">
            <summary>
            InitializeComponent
            </summary>
        </member>
        <member name="M:Microsoft.DataTransfer.WpfHost.Steps.Summary.SummaryPage.InitializeComponent">
            <summary>
            InitializeComponent
            </summary>
        </member>
        <member name="T:Microsoft.DataTransfer.WpfHost.Steps.StepsResources">
            <summary>
              A strongly-typed resource class, for looking up localized strings, etc.
            </summary>
        </member>
        <member name="P:Microsoft.DataTransfer.WpfHost.Steps.StepsResources.ResourceManager">
            <summary>
              Returns the cached ResourceManager instance used by this class.
            </summary>
        </member>
        <member name="P:Microsoft.DataTransfer.WpfHost.Steps.StepsResources.Culture">
            <summary>
              Overrides the current thread's CurrentUICulture property for all
              resource lookups using this strongly typed resource class.
            </summary>
        </member>
        <member name="P:Microsoft.DataTransfer.WpfHost.Steps.StepsResources.ImportStepTitle">
            <summary>
              Looks up a localized string similar to Results.
            </summary>
        </member>
        <member name="P:Microsoft.DataTransfer.WpfHost.Steps.StepsResources.InfrastructureStepTitle">
            <summary>
              Looks up a localized string similar to Advanced.
            </summary>
        </member>
        <member name="P:Microsoft.DataTransfer.WpfHost.Steps.StepsResources.SinkSetupStepTitle">
            <summary>
              Looks up a localized string similar to Target Information.
            </summary>
        </member>
        <member name="P:Microsoft.DataTransfer.WpfHost.Steps.StepsResources.SourceSetupStepTitle">
            <summary>
              Looks up a localized string similar to Source Information.
            </summary>
        </member>
        <member name="P:Microsoft.DataTransfer.WpfHost.Steps.StepsResources.SummaryStepTitle">
            <summary>
              Looks up a localized string similar to Summary.
            </summary>
        </member>
        <member name="P:Microsoft.DataTransfer.WpfHost.Steps.StepsResources.WelcomeStepTitle">
            <summary>
              Looks up a localized string similar to Welcome.
            </summary>
        </member>
        <member name="M:Microsoft.DataTransfer.WpfHost.Steps.Welcome.WelcomePage.InitializeComponent">
            <summary>
            InitializeComponent
            </summary>
        </member>
        <member name="T:Microsoft.DataTransfer.WpfHost.Resources">
            <summary>
              A strongly-typed resource class, for looking up localized strings, etc.
            </summary>
        </member>
        <member name="P:Microsoft.DataTransfer.WpfHost.Resources.ResourceManager">
            <summary>
              Returns the cached ResourceManager instance used by this class.
            </summary>
        </member>
        <member name="P:Microsoft.DataTransfer.WpfHost.Resources.Culture">
            <summary>
              Overrides the current thread's CurrentUICulture property for all
              resource lookups using this strongly typed resource class.
            </summary>
        </member>
        <member name="P:Microsoft.DataTransfer.WpfHost.Resources.CriticalErrorCaption">
            <summary>
              Looks up a localized string similar to Critical error.
            </summary>
        </member>
        <member name="P:Microsoft.DataTransfer.WpfHost.Resources.NewImportDialogText">
            <summary>
              Looks up a localized string similar to Do you want to reset import settings?.
            </summary>
        </member>
        <member name="P:Microsoft.DataTransfer.WpfHost.Resources.NewImportDialogTitle">
            <summary>
              Looks up a localized string similar to New Import.
            </summary>
        </member>
        <member name="P:Microsoft.DataTransfer.WpfHost.Resources.NoAvailableSteps">
            <summary>
              Looks up a localized string similar to No steps available to begin with.
            </summary>
        </member>
        <member name="T:Microsoft.DataTransfer.WpfHost.App">
            <summary>
            Interaction logic for App.xaml
            </summary>
            <summary>
            App
            </summary>
        </member>
        <member name="M:Microsoft.DataTransfer.WpfHost.App.InitializeComponent">
            <summary>
            InitializeComponent
            </summary>
        </member>
        <member name="M:Microsoft.DataTransfer.WpfHost.App.Main">
            <summary>
            Application Entry Point.
            </summary>
        </member>
        <member name="T:XamlGeneratedNamespace.GeneratedInternalTypeHelper">
            <summary>
            GeneratedInternalTypeHelper
            </summary>
        </member>
        <member name="M:XamlGeneratedNamespace.GeneratedInternalTypeHelper.CreateInstance(System.Type,System.Globalization.CultureInfo)">
            <summary>
            CreateInstance
            </summary>
        </member>
        <member name="M:XamlGeneratedNamespace.GeneratedInternalTypeHelper.GetPropertyValue(System.Reflection.PropertyInfo,System.Object,System.Globalization.CultureInfo)">
            <summary>
            GetPropertyValue
            </summary>
        </member>
        <member name="M:XamlGeneratedNamespace.GeneratedInternalTypeHelper.SetPropertyValue(System.Reflection.PropertyInfo,System.Object,System.Object,System.Globalization.CultureInfo)">
            <summary>
            SetPropertyValue
            </summary>
        </member>
        <member name="M:XamlGeneratedNamespace.GeneratedInternalTypeHelper.CreateDelegate(System.Type,System.Object,System.String)">
            <summary>
            CreateDelegate
            </summary>
        </member>
        <member name="M:XamlGeneratedNamespace.GeneratedInternalTypeHelper.AddEventHandler(System.Reflection.EventInfo,System.Object,System.Delegate)">
            <summary>
            AddEventHandler
            </summary>
        </member>
    </members>
</doc>
